"city","state","comercio","industria","servicos","agro","construcao"
"ABAETETUBA","PA","3","0","0","0","0"
"ABELARDO LUZ","SC","0","0","2","0","0"
"ACAILANDIA","MA","1","1","0","0","0"
"ACREUNA","GO","1","0","1","0","0"
"ADAMANTINA","SP","1","0","1","0","0"
"AGRESTINA","PE","0","1","0","0","0"
"AGUA AZUL DO NORTE","PA","0","0","0","0","1"
"AGUA BRANCA","AL","1","0","0","0","0"
"AGUAS LINDAS DE GOIAS","GO","2","0","1","0","0"
"ALAGOINHAS","BA","2","0","3","0","0"
"ALEM PARAIBA","MG","1","0","0","0","0"
"ALFENAS","MG","1","0","0","0","3"
"ALFREDO CHAVES","ES","1","0","2","0","0"
"ALMENARA","MG","0","0","3","0","0"
"ALMIRANTE TAMANDARE","PR","2","0","1","0","0"
"ALPINOPOLIS","MG","1","0","0","0","0"
"ALTA FLORESTA","MT","0","0","1","0","0"
"ALTEROSA","MG","1","0","0","0","0"
"ALTO ALEGRE DO PINDARE","MA","0","0","1","0","0"
"ALTO ARAGUAIA","MT","1","0","0","0","0"
"ALTO HORIZONTE","GO","1","0","0","0","0"
"ALTO LONGA","PI","1","0","0","0","0"
"ALVARES FLORENCE","SP","2","0","0","0","0"
"ALVORADA","RS","3","2","1","0","0"
"ALVORADA DO SUL","PR","1","0","0","0","0"
"AMAMBAI","MS","0","0","1","0","0"
"AMAPA","AP","1","0","0","0","0"
"AMARGOSA","BA","1","0","0","0","0"
"AMELIA RODRIGUES","BA","0","0","1","0","0"
"AMERICANA","SP","7","2","6","0","0"
"AMERICO BRASILIENSE","SP","0","0","1","0","0"
"AMONTADA","CE","0","0","1","0","0"
"AMPARO","SP","2","1","2","0","0"
"ANAGE","BA","0","0","1","0","0"
"ANANINDEUA","PA","18","4","7","0","1"
"ANAPOLIS","GO","5","0","2","0","0"
"ANAPU","PA","2","0","0","0","0"
"ANDARAI","BA","1","0","0","0","0"
"ANDRADINA","SP","0","0","1","0","0"
"ANGATUBA","SP","6","0","0","0","0"
"ANGICOS","RN","1","0","0","0","0"
"ANGRA DOS REIS","RJ","2","0","0","0","0"
"ANORI","AM","1","0","0","0","0"
"APARECIDA DE GOIANIA","GO","9","1","11","0","0"
"APARECIDA DO RIO DOCE","GO","1","0","0","0","0"
"APERIBE","RJ","0","1","0","0","0"
"APODI","RN","0","1","0","0","0"
"APUCARANA","PR","0","1","1","0","0"
"APUI","AM","1","0","0","0","0"
"AQUIDAUANA","MS","1","0","0","0","0"
"AQUIRAZ","CE","0","0","0","0","1"
"ARACAJU","SE","5","0","8","0","3"
"ARACATU","BA","1","0","0","0","0"
"ARACATUBA","SP","8","0","0","0","0"
"ARACOIABA DA SERRA","SP","2","0","0","0","0"
"ARACRUZ","ES","1","0","0","0","0"
"ARAGARCAS","GO","1","0","0","0","0"
"ARAGUAINA","TO","3","0","3","0","0"
"ARAGUARI","MG","0","0","2","0","0"
"ARAMARI","BA","0","0","1","0","0"
"ARAPIRACA","AL","0","0","1","0","0"
"ARAPONGAS","PR","1","1","2","0","0"
"ARAQUARI","SC","0","0","1","0","0"
"ARARANGUA","SC","2","0","0","0","1"
"ARARAQUARA","SP","7","0","1","0","1"
"ARARAS","SP","4","0","0","0","0"
"ARARI","MA","1","0","0","0","0"
"ARARIPINA","PE","1","0","0","0","0"
"ARARUAMA","RJ","2","0","1","0","0"
"ARAUCARIA","PR","2","0","3","0","1"
"ARAXA","MG","1","0","2","0","0"
"ARCOS","MG","1","0","0","0","0"
"ARCOVERDE","PE","1","0","1","0","0"
"ARIPUANA","MT","2","0","0","0","0"
"ARMACAO DOS BUZIOS","RJ","2","0","3","0","0"
"AROEIRAS","PB","0","0","3","0","0"
"ARRAIAL DO CABO","RJ","0","0","1","0","0"
"ARROIO DO MEIO","RS","1","0","0","0","0"
"ARTUR NOGUEIRA","SP","3","0","0","0","0"
"ARUJA","SP","1","0","2","0","1"
"ASSIS","SP","2","0","2","0","0"
"ASTOLFO DUTRA","MG","1","0","0","0","0"
"ATIBAIA","SP","5","1","1","0","0"
"AUGUSTO PESTANA","RS","0","0","2","0","0"
"AURIFLAMA","SP","0","0","3","0","0"
"AURORA","SC","2","0","0","0","0"
"AUTAZES","AM","0","1","1","0","0"
"AVARE","SP","4","0","1","0","0"
"AVELINO LOPES","PI","1","0","0","0","0"
"BACABAL","MA","0","0","1","0","0"
"BAGE","RS","1","0","0","0","0"
"BAIANOPOLIS","BA","1","0","0","0","0"
"BAIXA GRANDE DO RIBEIRO","PI","2","0","0","0","0"
"BALNEARIO CAMBORIU","SC","8","1","5","0","3"
"BALSAS","MA","5","0","2","0","0"
"BAMBUI","MG","1","0","0","0","0"
"BANDEIRANTES","PR","0","0","1","0","0"
"BARAUNA","RN","0","0","2","0","0"
"BARBACENA","MG","0","1","0","0","0"
"BARBALHA","CE","0","0","1","0","1"
"BARCARENA","PA","2","0","1","0","1"
"BARIRI","SP","3","0","1","0","0"
"BARRA BONITA","SP","1","0","1","0","1"
"BARRACAO","PR","1","0","0","0","0"
"BARRA DO CHOCA","BA","0","0","1","0","0"
"BARRA DO CORDA","MA","1","0","0","0","0"
"BARRA DO GARCAS","MT","0","0","2","0","0"
"BARRA DO PIRAI","RJ","0","0","1","0","0"
"BARRA MANSA","RJ","0","1","1","0","0"
"BARRA VELHA","SC","0","1","0","0","0"
"BARREIRAS","BA","5","0","1","0","0"
"BARRETOS","SP","4","4","0","0","0"
"BARRINHA","SP","1","0","0","0","0"
"BARUERI","SP","9","1","13","0","0"
"BASTOS","SP","1","0","0","0","0"
"BATAGUASSU","MS","0","0","1","0","0"
"BATURITE","CE","0","0","1","0","0"
"BAURU","SP","12","2","3","0","0"
"BEBEDOURO","SP","2","0","0","0","0"
"BEBERIBE","CE","2","0","0","0","0"
"BELA VISTA","MS","1","0","0","0","0"
"BELEM","PA","22","0","15","0","1"
"BELEM","PB","1","0","0","0","0"
"BELFORD ROXO","RJ","3","0","6","0","0"
"BELMONTE","BA","1","0","0","0","0"
"BELO HORIZONTE","MG","42","8","54","0","6"
"BELO JARDIM","PE","1","0","2","0","0"
"BENEDITINOS","PI","1","0","0","0","0"
"BENEVIDES","PA","1","0","0","0","0"
"BENJAMIN CONSTANT","AM","1","0","0","0","0"
"BENTO GONCALVES","RS","1","0","3","0","0"
"BERNARDINO DE CAMPOS","SP","1","0","0","0","0"
"BERTIOGA","SP","0","0","1","0","0"
"BETIM","MG","5","2","3","0","3"
"BICAS","MG","1","0","0","0","0"
"BIGUACU","SC","3","1","0","0","0"
"BIRIGUI","SP","4","4","1","0","0"
"BLUMENAU","SC","5","1","7","0","1"
"BOA ESPERANCA","MG","1","0","0","0","0"
"BOA ESPERANCA DO SUL","SP","0","1","0","0","0"
"BOA VISTA","RR","4","2","7","1","2"
"BOA VISTA DAS MISSOES","RS","1","0","0","0","0"
"BOA VISTA DO TUPIM","BA","2","0","0","0","0"
"BOCA DO ACRE","AM","0","0","1","0","0"
"BOFETE","SP","2","0","0","0","0"
"BOITUVA","SP","1","1","0","0","0"
"BOMBINHAS","SC","1","0","0","0","0"
"BOM DESPACHO","MG","1","0","2","0","0"
"BOM JARDIM","PE","0","1","0","0","0"
"BOM JESUS","PI","1","0","1","0","0"
"BOM JESUS DA LAPA","BA","1","0","0","0","0"
"BOM JESUS DO NORTE","ES","1","0","0","0","0"
"BOM JESUS DOS PERDOES","SP","3","1","0","0","0"
"BORACEIA","SP","0","1","0","0","0"
"BORBA","AM","0","0","1","0","0"
"BORBOREMA","PB","2","0","0","0","0"
"BORBOREMA","SP","1","0","1","0","0"
"BOTUCATU","SP","5","0","0","0","0"
"BRACO DO NORTE","SC","1","0","0","0","0"
"BRAGANCA PAULISTA","SP","2","2","7","0","0"
"BRASILEIA","AC","2","0","0","0","0"
"BRASILIA","DF","46","13","86","0","8"
"BREJOES","BA","1","0","0","0","0"
"BREU BRANCO","PA","7","0","0","0","0"
"BREVES","PA","3","0","2","0","0"
"BRITANIA","GO","0","0","3","0","0"
"BRODOWSKI","SP","1","0","0","0","0"
"BRUMADO","BA","0","0","0","0","1"
"BRUSQUE","SC","2","0","2","0","0"
"BURITI BRAVO","MA","0","0","1","0","0"
"BURITICUPU","MA","1","1","0","0","0"
"BURITIRAMA","BA","1","0","0","0","0"
"BURITIS","RO","0","0","1","0","0"
"CAARAPO","MS","1","0","0","0","0"
"CABO DE SANTO AGOSTINHO","PE","2","0","0","0","0"
"CABO FRIO","RJ","2","1","8","0","0"
"CABREUVA","SP","1","1","0","0","0"
"CABROBO","PE","0","0","2","0","0"
"CACADOR","SC","0","0","1","0","0"
"CACAPAVA","SP","0","0","1","0","0"
"CACERES","MT","1","0","0","0","0"
"CACHOEIRA DO SUL","RS","0","0","2","0","0"
"CACHOEIRA PAULISTA","SP","0","0","1","0","0"
"CACHOEIRAS DE MACACU","RJ","0","0","2","0","0"
"CACHOEIRINHA","RS","2","2","2","0","0"
"CACHOEIRO DE ITAPEMIRIM","ES","3","0","0","0","0"
"CACOAL","RO","2","0","0","0","0"
"CACONDE","SP","1","0","0","0","0"
"CACULE","BA","1","0","0","0","0"
"CAETE","MG","1","0","0","0","0"
"CAETITE","BA","0","0","1","0","0"
"CAFELANDIA","PR","0","1","0","0","0"
"CAICO","RN","2","0","0","0","0"
"CAIEIRAS","SP","1","1","2","0","0"
"CAIRU","BA","2","0","2","0","0"
"CAJAMAR","SP","2","0","1","0","0"
"CAJAZEIRAS","PB","1","0","0","0","0"
"CAJUEIRO DA PRAIA","PI","1","0","0","0","0"
"CAJURU","SP","1","0","0","0","0"
"CALDAS NOVAS","GO","4","0","4","0","0"
"CAMACARI","BA","4","0","5","0","1"
"CAMAMU","BA","0","1","0","0","0"
"CAMANDUCAIA","MG","2","0","0","0","0"
"CAMAQUA","RS","0","0","2","0","0"
"CAMARAGIBE","PE","1","0","1","0","0"
"CAMBE","PR","2","4","0","0","1"
"CAMBIRA","PR","1","0","0","0","0"
"CAMBORIU","SC","1","0","1","0","0"
"CAMBUI","MG","1","0","0","0","0"
"CAMBUQUIRA","MG","0","1","0","0","0"
"CAMPESTRE DO MARANHAO","MA","1","0","0","0","0"
"CAMPINACU","GO","1","0","0","0","0"
"CAMPINA GRANDE","PB","6","0","4","0","0"
"CAMPINA GRANDE DO SUL","PR","2","0","1","0","0"
"CAMPINAS","SP","20","0","32","0","7"
"CAMPO ALEGRE DO FIDALGO","PI","1","0","0","0","0"
"CAMPO BELO","MG","7","0","0","0","0"
"CAMPO BOM","RS","1","1","1","0","0"
"CAMPO DO BRITO","SE","0","0","0","0","2"
"CAMPO DO MEIO","MG","0","1","0","0","0"
"CAMPO FORMOSO","BA","0","0","2","0","0"
"CAMPO GRANDE","MS","24","8","28","0","2"
"CAMPO LARGO","PR","3","1","0","0","0"
"CAMPO LIMPO PAULISTA","SP","2","0","1","0","0"
"CAMPO MOURAO","PR","4","0","1","0","0"
"CAMPO NOVO DO PARECIS","MT","2","0","0","0","0"
"CAMPOS DO JORDAO","SP","3","0","0","0","0"
"CAMPOS DOS GOYTACAZES","RJ","1","1","1","0","0"
"CAMPOS LINDOS","TO","3","0","0","0","0"
"CAMPO VERDE","MT","0","0","1","0","0"
"CANAA DOS CARAJAS","PA","1","0","1","0","0"
"CANANEIA","SP","0","0","1","0","0"
"CANARANA","BA","0","0","2","0","0"
"CANDEIAS","BA","0","0","0","0","1"
"CANDIBA","BA","1","0","0","0","0"
"CANDIDO MOTA","SP","0","1","0","0","0"
"CANDIDO SALES","BA","2","0","0","0","0"
"CANELA","RS","2","0","2","0","0"
"CANINDE","CE","2","0","1","0","0"
"CANOAS","RS","9","2","4","0","0"
"CANTAGALO","RJ","0","1","0","0","0"
"CANUTAMA","AM","1","0","0","0","0"
"CAPAO DA CANOA","RS","1","0","0","0","2"
"CAPELINHA","MG","4","0","0","0","0"
"CAPIM GROSSO","BA","1","0","0","0","0"
"CAPINOPOLIS","MG","2","0","0","0","0"
"CAPITOLIO","MG","0","0","0","0","1"
"CAPIVARI DE BAIXO","SC","0","1","3","0","0"
"CARAA","RS","0","1","0","0","0"
"CARAGUATATUBA","SP","4","2","4","0","0"
"CARAPICUIBA","SP","4","1","5","0","0"
"CARATINGA","MG","0","0","1","0","1"
"CARAZINHO","RS","1","0","1","0","0"
"CARIACICA","ES","1","1","2","0","0"
"CARIDADE","CE","2","0","0","0","0"
"CARINHANHA","BA","0","1","2","0","0"
"CARLOS BARBOSA","RS","1","0","0","0","0"
"CARUARU","PE","7","1","2","0","0"
"CASCAVEL","CE","1","0","0","0","0"
"CASCAVEL","PR","5","2","4","0","3"
"CASIMIRO DE ABREU","RJ","0","0","4","0","0"
"CASSILANDIA","MS","0","0","1","0","0"
"CASTANHAL","PA","2","2","1","0","1"
"CASTANHEIRA","MT","0","0","2","0","0"
"CASTELANDIA","GO","0","0","1","0","0"
"CASTELO","ES","3","1","2","0","0"
"CATAGUASES","MG","1","0","1","0","0"
"CATALAO","GO","3","0","0","0","0"
"CATANDUVA","SP","0","0","1","0","0"
"CATAS ALTAS","MG","1","0","0","0","0"
"CATU","BA","3","0","0","0","0"
"CAUCAIA","CE","5","2","6","0","0"
"CAVALCANTE","GO","1","0","0","0","0"
"CAXAMBU","MG","0","1","0","0","0"
"CAXIAS","MA","0","0","3","0","0"
"CAXIAS DO SUL","RS","4","3","14","0","1"
"CEDRAL","SP","1","0","0","0","0"
"CERES","GO","1","0","0","0","0"
"CERRO CORA","RN","0","0","0","0","1"
"CEZARINA","GO","0","0","2","0","0"
"CHAPADAO DO CEU","GO","1","0","0","0","0"
"CHAPADAO DO SUL","MS","1","0","0","0","0"
"CHAPADINHA","MA","1","0","0","0","0"
"CHAPECO","SC","2","3","2","0","3"
"CHARQUEADAS","RS","2","0","0","0","0"
"CHOROZINHO","CE","0","0","1","0","0"
"CHUI","RS","1","0","0","0","0"
"CIANORTE","PR","2","0","2","0","1"
"CIDADE OCIDENTAL","GO","0","0","2","0","0"
"COARACI","BA","0","0","4","0","0"
"COARI","AM","2","0","0","0","0"
"COCALZINHO DE GOIAS","GO","1","0","3","0","0"
"COCOS","BA","1","0","0","0","0"
"CODO","MA","0","0","1","0","0"
"COLARES","PA","0","0","1","0","0"
"COLATINA","ES","1","1","0","0","1"
"COLINAS DO TOCANTINS","TO","0","0","1","0","0"
"COLOMBO","PR","4","2","3","0","0"
"CONCEICAO DO COITE","BA","1","1","0","0","0"
"CONCEICAO DO JACUIPE","BA","2","0","0","0","0"
"CONCORDIA DO PARA","PA","0","0","1","0","0"
"CONDE","BA","0","0","1","0","0"
"CONFRESA","MT","1","0","0","0","0"
"CONSELHEIRO LAFAIETE","MG","1","0","0","0","0"
"CONSELHEIRO PENA","MG","1","0","0","0","0"
"CONTAGEM","MG","10","2","11","0","0"
"CONTENDA","PR","0","0","1","0","0"
"CORACAO DE JESUS","MG","1","0","0","0","0"
"CORACAO DE MARIA","BA","1","0","0","0","0"
"CORBELIA","PR","0","2","0","0","0"
"CORNELIO PROCOPIO","PR","2","0","0","0","0"
"CORONEL BICACO","RS","1","0","0","0","0"
"CORREIA PINTO","SC","1","0","0","0","0"
"CORRENTINA","BA","0","0","0","0","3"
"CORUMBA","MS","2","0","2","0","0"
"CORUMBAIBA","GO","0","0","1","0","0"
"COSMOPOLIS","SP","1","0","0","0","0"
"COSMORAMA","SP","1","2","0","0","0"
"COSTA RICA","MS","1","0","1","0","1"
"COTIA","SP","9","1","6","0","1"
"COXIM","MS","2","0","0","0","0"
"CRATEUS","CE","1","0","0","0","0"
"CRATO","CE","1","0","1","0","0"
"CRAVINHOS","SP","0","0","2","0","0"
"CRICIUMA","SC","4","1","3","0","0"
"CRISTALINA","GO","0","1","0","0","0"
"CRUZ","CE","1","0","0","0","0"
"CRUZ DAS ALMAS","BA","0","2","2","0","0"
"CRUZEIRO DO SUL","AC","3","0","0","0","0"
"CRUZILIA","MG","0","0","0","0","1"
"CUBATAO","SP","2","0","1","0","0"
"CUBATI","PB","0","0","1","0","0"
"CUIABA","MT","18","3","22","0","1"
"CUNHA","SP","0","0","1","0","0"
"CUPIRA","PE","1","0","0","0","0"
"CURITIBA","PR","81","13","74","0","4"
"CURITIBANOS","SC","2","0","1","0","0"
"CURIUVA","PR","0","0","1","0","0"
"CURVELO","MG","4","0","1","0","0"
"CUSTODIA","PE","1","0","0","0","0"
"DAMOLANDIA","GO","0","1","0","0","0"
"DELTA","MG","1","0","0","0","0"
"DIADEMA","SP","8","0","0","0","0"
"DIAMANTE DO NORTE","PR","1","0","0","0","0"
"DIAMANTINO","MT","0","0","1","0","0"
"DIVINOPOLIS","MG","2","0","2","0","0"
"DOIS IRMAOS","RS","0","0","1","0","0"
"DOIS VIZINHOS","PR","1","0","0","0","0"
"DOMINGOS MARTINS","ES","0","0","1","0","0"
"DOMINGOS MOURAO","PI","1","0","0","0","0"
"DOM SILVERIO","MG","0","1","0","0","0"
"DORES DE CAMPOS","MG","1","0","0","0","0"
"DOURADOS","MS","7","0","3","0","0"
"DOVERLANDIA","GO","1","0","1","0","0"
"DRACENA","SP","1","0","3","0","0"
"DUARTINA","SP","0","0","1","0","0"
"DUQUE DE CAXIAS","RJ","5","1","10","0","1"
"EMBU DAS ARTES","SP","6","0","0","0","0"
"EMBU GUACU","SP","1","1","0","0","0"
"ENTRE RIOS","BA","4","0","0","0","0"
"ENTRE RIOS DE MINAS","MG","2","0","0","0","0"
"ERECHIM","RS","0","0","0","0","1"
"ERVAL GRANDE","RS","1","0","0","0","0"
"ESMERALDAS","MG","0","0","1","0","0"
"ESPIRITO SANTO DO PINHAL","SP","1","0","0","0","0"
"ESPLANADA","BA","1","0","0","0","0"
"ESTANCIA VELHA","RS","2","0","0","0","0"
"ESTEIO","RS","2","0","2","0","0"
"ESTREITO","MA","1","0","0","0","0"
"ESTRELA","RS","1","0","1","0","0"
"EUNAPOLIS","BA","2","0","0","0","0"
"EUSEBIO","CE","0","2","2","0","1"
"EXU","PE","1","0","0","0","0"
"FAMA","MG","0","1","0","0","0"
"FARROUPILHA","RS","0","0","1","0","0"
"FAXINAL","PR","1","0","0","0","0"
"FAZENDA RIO GRANDE","PR","1","2","6","0","0"
"FAZENDA VILANOVA","RS","1","0","0","0","0"
"FEIJO","AC","0","0","1","0","0"
"FEIRA DE SANTANA","BA","8","3","14","0","1"
"FERNANDO DE NORONHA","PE","0","0","1","0","0"
"FERNANDOPOLIS","SP","1","0","1","0","0"
"FERRAZ DE VASCONCELOS","SP","0","0","1","0","0"
"FLORES DA CUNHA","RS","0","1","1","0","0"
"FLORESTA DO ARAGUAIA","PA","2","0","0","0","0"
"FLORIANO","PI","0","2","1","0","0"
"FLORIANOPOLIS","SC","17","2","24","0","2"
"FORMIGA","MG","0","1","0","0","0"
"FORMOSA","GO","9","0","4","0","0"
"FORTALEZA","CE","40","10","62","0","6"
"FOZ DO IGUACU","PR","4","1","4","0","2"
"FRAIBURGO","SC","0","0","0","2","0"
"FRANCA","SP","12","6","12","0","1"
"FRANCISCO BELTRAO","PR","0","1","2","0","0"
"FRANCISCO MORATO","SP","1","0","0","0","0"
"FRANCO DA ROCHA","SP","1","0","2","0","0"
"FRUTA DE LEITE","MG","0","0","1","0","0"
"FRUTAL","MG","1","0","2","0","0"
"FUNDAO","ES","2","0","0","0","0"
"GAMELEIRA","PE","0","2","0","0","0"
"GANDU","BA","1","0","1","0","0"
"GARANHUNS","PE","0","0","2","0","0"
"GARCA","SP","1","0","0","0","0"
"GARIBALDI","RS","0","0","2","0","0"
"GARUVA","SC","0","0","3","0","0"
"GASPAR","SC","0","3","1","0","0"
"GLORINHA","RS","0","0","1","0","0"
"GOIANIA","GO","45","12","39","1","9"
"GOIATINS","TO","1","0","0","0","0"
"GOIATUBA","GO","3","0","3","0","0"
"GOVERNADOR VALADARES","MG","4","1","7","0","0"
"GRACA","CE","0","0","1","0","0"
"GRAJAU","MA","1","0","0","0","0"
"GRAMADO","RS","0","1","2","0","0"
"GRAO MOGOL","MG","1","0","0","0","0"
"GRAVATAI","RS","2","1","4","0","3"
"GROSSOS","RN","1","0","0","0","0"
"GUADALUPE","PI","2","0","0","0","0"
"GUAIBA","RS","1","0","1","0","0"
"GUAIRA","SP","1","0","0","0","0"
"GUANAMBI","BA","2","0","0","0","0"
"GUANHAES","MG","2","0","0","0","0"
"GUAPIARA","SP","0","0","1","0","0"
"GUAPIMIRIM","RJ","1","0","0","0","0"
"GUARACIABA","SC","0","1","0","0","0"
"GUARACIABA DO NORTE","CE","1","0","0","0","0"
"GUARAI","TO","1","0","0","0","0"
"GUARAMIRANGA","CE","1","0","0","0","0"
"GUARAPARI","ES","2","0","6","0","0"
"GUARAPUAVA","PR","1","1","1","0","0"
"GUARARAPES","SP","1","0","0","0","0"
"GUARATINGA","BA","1","0","0","0","0"
"GUARATINGUETA","SP","1","1","1","0","0"
"GUARATUBA","PR","1","0","0","0","1"
"GUAREI","SP","0","1","0","0","0"
"GUARUJA","SP","5","0","4","0","1"
"GUARULHOS","SP","25","1","26","0","4"
"GUAXUPE","MG","0","0","4","0","0"
"GURUPA","PA","1","0","0","0","0"
"GURUPI","TO","1","1","0","0","0"
"HERVAL D OESTE","SC","0","0","1","0","0"
"HOLAMBRA","SP","1","0","0","0","0"
"HORIZONTINA","RS","0","0","1","0","0"
"HORTOLANDIA","SP","3","2","1","0","1"
"HUMAITA","AM","0","0","1","0","0"
"IBIPORA","PR","1","0","0","0","0"
"IBIRA","SP","0","0","1","0","0"
"IBIRAPUA","BA","0","0","0","1","0"
"IBIRITE","MG","5","0","0","0","0"
"IBIRUBA","RS","0","0","1","0","0"
"IBIUNA","SP","1","0","4","0","0"
"ICAPUI","CE","0","0","1","0","0"
"ICARA","SC","1","0","0","0","0"
"ICO","CE","1","0","0","0","0"
"ICONHA","ES","0","1","0","0","0"
"IGACI","AL","1","0","0","0","0"
"IGAPORA","BA","0","0","1","0","0"
"IGARACU DO TIETE","SP","1","0","0","0","0"
"IGARAPAVA","SP","0","0","2","0","0"
"IGARAPE","MG","1","0","0","0","0"
"IGUABA GRANDE","RJ","1","0","1","0","0"
"IGUATU","CE","1","0","0","0","0"
"IJUI","RS","2","0","0","0","0"
"ILHEUS","BA","0","0","2","0","0"
"IMBE","RS","0","1","0","0","0"
"IMBITUBA","SC","0","0","1","0","0"
"IMPERATRIZ","MA","11","0","10","0","0"
"INACIOLANDIA","GO","2","0","0","0","0"
"INCONFIDENTES","MG","0","1","0","0","0"
"INDAIATUBA","SP","4","1","10","0","2"
"INDEPENDENCIA","CE","2","0","0","0","1"
"INHUMAS","GO","1","0","0","0","0"
"IPANEMA","MG","1","0","0","0","0"
"IPAPORANGA","CE","1","0","0","0","0"
"IPATINGA","MG","4","0","3","0","1"
"IPIRA","BA","0","1","0","0","0"
"IPORA","GO","1","0","1","0","0"
"IPUBI","PE","4","0","0","0","0"
"IRACEMA","CE","1","0","0","0","0"
"IRACEMAPOLIS","SP","0","0","2","0","0"
"IRAPUA","SP","3","0","0","0","0"
"IRECE","BA","2","1","2","0","0"
"IRITUIA","PA","0","2","0","0","0"
"ITABAIANA","SE","0","0","1","0","0"
"ITABELA","BA","2","0","1","0","0"
"ITABIRA","MG","0","0","1","0","0"
"ITABIRITO","MG","2","0","1","0","0"
"ITABORAI","RJ","2","0","4","0","0"
"ITABUNA","BA","4","0","2","0","0"
"ITACARE","BA","1","0","0","0","0"
"ITACOATIARA","AM","3","0","0","0","0"
"ITAGIMIRIM","BA","2","0","0","0","0"
"ITAGUACU","ES","0","0","1","0","0"
"ITAGUARA","MG","1","0","1","0","0"
"ITAGUARI","GO","0","1","0","0","0"
"ITAI","SP","2","0","0","0","0"
"ITAIBA","PE","0","0","0","0","3"
"ITAITINGA","CE","1","0","0","0","0"
"ITAJAI","SC","5","1","7","0","1"
"ITAJOBI","SP","1","0","0","0","0"
"ITAMARAJU","BA","0","0","1","0","0"
"ITAMBE","BA","0","0","1","0","0"
"ITANAGRA","BA","0","0","1","0","0"
"ITANHAEM","SP","1","1","0","0","0"
"ITAPACI","GO","1","0","0","0","0"
"ITAPECERICA DA SERRA","SP","4","0","1","0","0"
"ITAPECURU MIRIM","MA","3","0","0","0","0"
"ITAPEMA","SC","0","0","2","0","0"
"ITAPETINGA","BA","0","0","1","0","1"
"ITAPETININGA","SP","2","0","1","0","0"
"ITAPEVA","SP","3","0","0","0","0"
"ITAPEVI","SP","3","0","1","0","0"
"ITAPIPOCA","CE","0","1","1","0","0"
"ITAPIRA","SP","0","1","1","0","0"
"ITAPIRANGA","SC","0","0","1","0","0"
"ITAPOLIS","SP","0","1","0","1","0"
"ITAPORA","MS","1","0","0","0","0"
"ITAPORANGA","PB","2","0","0","0","0"
"ITAPURANGA","GO","1","0","0","0","0"
"ITAQUAQUECETUBA","SP","1","1","1","0","2"
"ITARARE","SP","0","0","3","0","0"
"ITARUMA","GO","0","0","0","1","0"
"ITATIBA","SP","2","2","2","0","2"
"ITAUNA","MG","1","0","5","0","0"
"ITU","SP","5","1","2","0","0"
"ITUBERA","BA","1","0","0","0","0"
"ITUIUTABA","MG","1","0","4","0","0"
"ITUMBIARA","GO","1","0","3","0","0"
"ITUPEVA","SP","1","0","0","0","1"
"ITUPORANGA","SC","1","0","0","0","0"
"ITURAMA","MG","0","0","0","0","1"
"IUNA","ES","2","0","0","0","0"
"IVINHEMA","MS","0","1","0","0","0"
"JABOATAO DOS GUARARAPES","PE","9","3","5","0","0"
"JABOTICABAL","SP","1","0","3","1","0"
"JACARACI","BA","1","0","0","0","0"
"JACAREI","SP","0","3","1","0","0"
"JACOBINA","BA","0","0","1","0","0"
"JACOBINA DO PIAUI","PI","0","2","0","0","0"
"JACUNDA","PA","1","0","0","0","0"
"JACUPIRANGA","SP","1","0","0","0","0"
"JACUTINGA","MG","0","0","1","0","0"
"JAGUARE","ES","0","0","1","0","0"
"JAGUARIAIVA","PR","0","0","2","0","0"
"JAGUARIUNA","SP","0","0","2","0","0"
"JAIBA","MG","0","0","1","0","0"
"JALES","SP","1","1","0","0","0"
"JANDIRA","SP","2","3","6","0","0"
"JANIOPOLIS","PR","1","0","0","0","0"
"JAPERI","RJ","0","0","1","0","0"
"JARAGUA DO SUL","SC","4","1","2","0","1"
"JARDIM","CE","1","0","0","0","0"
"JARDIM DE PIRANHAS","RN","1","0","0","0","0"
"JARDINOPOLIS","SP","0","0","1","0","0"
"JATAI","GO","2","0","1","0","2"
"JAU","SP","12","1","4","0","1"
"JEQUERI","MG","0","0","1","0","0"
"JEQUIE","BA","0","0","1","0","0"
"JIJOCA DE JERICOACOARA","CE","1","0","2","0","0"
"JI PARANA","RO","0","0","2","0","0"
"JOAO MONLEVADE","MG","0","0","1","0","0"
"JOAO NEIVA","ES","0","0","1","0","0"
"JOAO PESSOA","PB","12","4","12","0","2"
"JOINVILLE","SC","4","1","11","0","5"
"JOSE BONIFACIO","SP","0","0","1","0","0"
"JOSE GONCALVES DE MINAS","MG","1","0","0","0","0"
"JOVIANIA","GO","0","0","1","0","0"
"JUARA","MT","0","0","0","0","2"
"JUAZEIRO","BA","2","0","0","0","1"
"JUAZEIRO DO NORTE","CE","0","3","7","0","0"
"JUIZ DE FORA","MG","4","3","12","0","1"
"JUNDIAI","SP","6","0","21","0","0"
"JUNQUEIROPOLIS","SP","1","0","0","0","0"
"JUQUITIBA","SP","3","0","0","0","0"
"JURU","PB","0","0","1","0","0"
"JUSSARA","GO","1","0","0","0","0"
"JUVENILIA","MG","0","0","1","0","0"
"LAGARTO","SE","0","0","2","0","0"
"LAGES","SC","0","0","0","1","0"
"LAGOA DA PRATA","MG","0","0","1","0","0"
"LAGOA DO CARRO","PE","0","0","1","0","0"
"LAGOA GRANDE","PE","2","0","0","0","0"
"LAGOA SANTA","MG","0","0","0","0","1"
"LAGO DA PEDRA","MA","2","0","0","0","0"
"LAGUNA","SC","2","0","0","0","1"
"LAJEADO","RS","1","0","1","0","1"
"LAJEADO","TO","1","0","0","0","0"
"LAJEDO","PE","2","0","0","0","0"
"LAJINHA","MG","1","0","0","0","0"
"LAMBARI","MG","0","1","0","0","0"
"LAPA","PR","3","0","1","0","0"
"LARANJAL PAULISTA","SP","1","0","0","0","0"
"LARANJEIRAS DO SUL","PR","1","0","0","0","0"
"LAURENTINO","SC","1","0","0","0","0"
"LAURO DE FREITAS","BA","7","1","9","0","0"
"LAVRAS","MG","0","0","1","0","0"
"LEME","SP","1","0","1","0","0"
"LEME DO PRADO","MG","0","0","1","0","0"
"LENCOIS","BA","1","0","0","0","0"
"LENCOIS PAULISTA","SP","1","0","0","0","0"
"LEOPOLDINA","MG","1","0","0","0","0"
"LIMA DUARTE","MG","2","0","0","0","0"
"LIMEIRA","SP","1","4","6","0","1"
"LIMEIRA",NULL,"0","0","1","0","0"
"LIMOEIRO DO NORTE","CE","0","1","0","0","0"
"LINHARES","ES","7","0","1","1","0"
"LINS","SP","1","0","1","0","0"
"LOANDA","PR","0","0","2","0","0"
"LONDRINA","PR","12","2","9","0","0"
"LORENA","SP","0","0","2","0","0"
"LOUVEIRA","SP","0","0","1","0","0"
"LUCAS DO RIO VERDE","MT","1","0","4","0","0"
"LUCELIA","SP","1","0","0","0","0"
"LUCRECIA","RN","1","0","0","0","0"
"LUIS ANTONIO","SP","0","0","1","0","0"
"LUIS CORREIA","PI","2","0","0","0","0"
"LUIS DOMINGUES","MA","1","0","0","0","0"
"LUIS EDUARDO MAGALHAES","BA","2","0","1","0","0"
"LUZ","MG","0","0","1","0","0"
"LUZIANIA","GO","3","1","1","0","0"
"MACAE","RJ","0","0","7","0","0"
"MACAIBA","RN","1","0","0","0","0"
"MACAPA","AP","5","0","5","0","0"
"MACAUBAL","SP","1","0","0","0","0"
"MACEIO","AL","13","2","9","0","0"
"MACHADO","MG","0","0","1","0","0"
"MADRE DE DEUS","BA","0","0","1","0","0"
"MAE DO RIO","PA","3","0","0","0","0"
"MAGE","RJ","2","0","1","0","0"
"MAIRIPORA","SP","1","0","0","0","0"
"MANACAPURU","AM","0","0","1","0","0"
"MANAUS","AM","57","5","29","0","6"
"MANDAGUACU","PR","1","0","0","0","0"
"MANDAGUARI","PR","1","1","0","0","0"
"MANDIRITUBA","PR","2","0","0","0","0"
"MANGARATIBA","RJ","0","1","0","0","0"
"MANHUACU","MG","1","0","0","0","0"
"MARABA","PA","22","0","5","0","0"
"MARACAJU","MS","1","0","0","0","0"
"MARACANAU","CE","4","2","3","0","0"
"MARACAS","BA","0","0","2","0","0"
"MARAPOAMA","SP","1","0","0","0","0"
"MARATAIZES","ES","0","0","1","0","1"
"MARAU","BA","1","0","0","0","0"
"MARAU","RS","0","0","1","0","0"
"MARCELANDIA","MT","0","0","1","0","0"
"MAR DE ESPANHA","MG","0","0","1","0","0"
"MARECHAL CANDIDO RONDON","PR","1","0","0","0","0"
"MARIANA","MG","2","0","1","0","0"
"MARIBONDO","AL","0","0","0","0","1"
"MARICA","RJ","2","1","2","0","0"
"MARILIA","SP","9","0","6","0","0"
"MARINGA","PR","13","1","11","0","1"
"MARITUBA","PA","0","0","1","0","0"
"MASCOTE","BA","1","0","0","0","0"
"MATA DE SAO JOAO","BA","1","0","0","0","0"
"MATAO","SP","4","0","0","0","0"
"MATELANDIA","PR","0","1","0","0","0"
"MATERLANDIA","MG","0","0","0","0","1"
"MATIAS BARBOSA","MG","0","0","1","0","0"
"MATINHOS","PR","2","0","0","0","0"
"MAUA","SP","0","0","7","0","1"
"MAUES","AM","1","0","0","0","0"
"MEDEIROS NETO","BA","1","0","1","0","0"
"MEDIANEIRA","PR","1","0","3","0","0"
"MEDICILANDIA","PA","1","0","0","0","0"
"MESQUITA","RJ","2","0","1","0","1"
"MIGUELOPOLIS","SP","1","0","0","0","0"
"MINEIROS","GO","3","0","0","0","0"
"MIRANORTE","TO","0","0","1","0","0"
"MIRANTE","BA","1","0","0","0","0"
"MIRASSOL","SP","5","1","0","0","0"
"MOCOCA","SP","2","0","2","0","0"
"MOGI DAS CRUZES","SP","9","0","4","0","0"
"MOGI GUACU","SP","3","0","0","0","0"
"MOGI MIRIM","SP","0","1","1","0","0"
"MOMBACA","CE","1","0","0","0","0"
"MONGAGUA","SP","1","0","2","0","0"
"MONTE ALEGRE","PA","1","0","0","0","0"
"MONTE ALTO","SP","2","0","0","0","0"
"MONTENEGRO","RS","1","0","0","0","0"
"MONTES CLAROS","MG","2","0","3","0","0"
"MONTES CLAROS DE GOIAS","GO","2","0","0","0","0"
"MORADA NOVA","CE","1","0","0","0","0"
"MORRINHOS","GO","1","0","1","0","0"
"MORRO DA FUMACA","SC","0","1","0","0","0"
"MORTUGABA","BA","3","0","0","0","0"
"MOSSORO","RN","4","0","2","0","0"
"MOSTARDAS","RS","0","0","0","4","0"
"MUCURI","BA","1","0","0","0","0"
"MUNDO NOVO","MS","0","0","1","0","1"
"MUNHOZ DE MELO","PR","0","3","0","0","0"
"MUQUEM DE SAO FRANCISCO","BA","1","0","0","0","0"
"MURIAE","MG","2","0","5","0","0"
"NAO ME TOQUE","RS","0","1","0","0","0"
"NATAL","RN","16","1","16","0","1"
"NATIVIDADE","RJ","0","0","1","0","0"
"NAVEGANTES","SC","1","0","3","0","0"
"NAVIRAI","MS","1","0","0","0","0"
"NAZAREZINHO","PB","1","0","0","0","0"
"NEROPOLIS","GO","0","0","1","0","0"
"NHAMUNDA","AM","1","0","0","0","0"
"NILOPOLIS","RJ","0","1","0","0","0"
"NIPOA","SP","0","0","1","0","0"
"NITEROI","RJ","5","5","27","0","0"
"NOBRES","MT","1","0","0","0","0"
"NOVA ALVORADA DO SUL","MS","1","0","0","0","1"
"NOVA CANAA","BA","0","0","1","0","0"
"NOVA FRIBURGO","RJ","2","1","7","0","1"
"NOVA GRANADA","SP","1","0","0","0","0"
"NOVA HARTZ","RS","0","0","0","0","1"
"NOVA IGUACU","RJ","8","0","7","0","0"
"NOVA LIMA","MG","1","0","3","0","0"
"NOVA MARINGA","MT","1","0","0","0","0"
"NOVA MUTUM","MT","1","0","1","0","0"
"NOVA NAZARE","MT","1","0","0","0","0"
"NOVA ODESSA","SP","1","1","0","0","0"
"NOVA OLINDA DO NORTE","AM","1","0","0","0","0"
"NOVA PETROPOLIS","RS","0","0","1","0","0"
"NOVA PRATA","RS","0","0","1","0","0"
"NOVA ROMA","GO","1","0","0","0","0"
"NOVA RUSSAS","CE","1","0","0","0","0"
"NOVA SERRANA","MG","0","4","1","0","0"
"NOVA VENECIA","ES","1","0","0","0","0"
"NOVA VICOSA","BA","1","0","0","0","0"
"NOVA XAVANTINA","MT","2","0","0","0","0"
"NOVO GAMA","GO","1","0","0","0","0"
"NOVO HAMBURGO","RS","9","3","9","0","0"
"NOVO HORIZONTE","SP","0","0","0","0","1"
"NOVO HORIZONTE DO SUL","MS","1","0","0","0","0"
"NOVO PROGRESSO","PA","2","0","0","0","0"
"NOVO REPARTIMENTO","PA","2","0","0","0","0"
"NOVO SAO JOAQUIM","MT","2","0","0","0","0"
"OCARA","CE","3","0","2","0","0"
"OCAUCU","SP","0","0","0","1","0"
"OEIRAS DO PARA","PA","2","0","0","0","0"
"OIAPOQUE","AP","0","1","0","0","0"
"OLHO D AGUA DAS FLORES","AL","1","0","0","0","0"
"OLIMPIA","SP","1","0","1","0","0"
"OLINDA","PE","2","3","4","0","1"
"OLINDINA","BA","1","0","0","0","0"
"OLIVEIRA DOS BREJINHOS","BA","1","0","0","0","0"
"OSASCO","SP","16","0","16","0","2"
"OSORIO","RS","1","2","2","0","0"
"OSVALDO CRUZ","SP","2","0","0","0","0"
"OTACILIO COSTA","SC","0","0","1","0","0"
"OURILANDIA DO NORTE","PA","0","1","1","0","0"
"OURINHOS","SP","1","0","0","0","2"
"OURO","SC","0","0","1","0","0"
"OURO BRANCO","MG","0","0","1","0","0"
"OURO FINO","MG","1","0","0","0","0"
"OUROLANDIA","BA","0","0","1","0","0"
"OURO PRETO","MG","1","0","4","0","2"
"OURO VERDE DE MINAS","MG","0","0","1","0","0"
"PACAJA","PA","1","0","2","0","0"
"PACARAIMA","RR","2","0","0","0","0"
"PACATUBA","CE","1","2","0","0","0"
"PAICANDU","PR","3","0","1","0","0"
"PALHANO","CE","0","0","1","0","0"
"PALHOCA","SC","2","0","3","0","1"
"PALMARES","PE","1","0","0","0","0"
"PALMAS","PR","0","1","1","0","0"
"PALMAS","TO","4","0","9","0","0"
"PALMEIRAS","BA","0","0","1","0","0"
"PALMEIRAS DE GOIAS","GO","2","0","0","0","0"
"PALMITAL","SP","2","2","0","0","0"
"PANELAS","PE","1","0","0","0","0"
"PARACAMBI","RJ","1","0","0","0","0"
"PARACATU","MG","1","0","0","0","0"
"PARA DE MINAS","MG","1","1","0","0","0"
"PARAGOMINAS","PA","2","0","0","0","0"
"PARAIBA DO SUL","RJ","0","0","1","0","0"
"PARAIBANO","MA","0","0","1","0","0"
"PARAISO DO NORTE","PR","0","0","1","0","0"
"PARAISO DO TOCANTINS","TO","1","0","0","0","0"
"PARAISOPOLIS","MG","1","0","0","0","0"
"PARAMBU","CE","0","0","1","0","0"
"PARAMIRIM","BA","0","0","2","0","0"
"PARANAGUA","PR","2","0","1","0","0"
"PARANAIBA","MS","0","0","1","0","0"
"PARANAVAI","PR","2","1","1","0","0"
"PARAOPEBA","MG","2","0","0","0","0"
"PARAUAPEBAS","PA","5","0","6","0","1"
"PARAUNA","GO","0","0","1","0","0"
"PARELHAS","RN","0","3","0","0","0"
"PARNAIBA","PI","0","1","1","0","0"
"PARNAMIRIM","RN","3","0","1","0","0"
"PASSO FUNDO","RS","1","3","3","0","0"
"PASSOS","MG","0","1","1","0","0"
"PATO BRANCO","PR","0","0","3","0","0"
"PATOS","PB","3","0","3","0","0"
"PATOS DE MINAS","MG","2","1","4","0","1"
"PATROCINIO","MG","3","0","1","0","0"
"PATU","RN","0","0","0","0","2"
"PATY DO ALFERES","RJ","1","0","0","0","0"
"PAU D ARCO","TO","1","0","0","0","0"
"PAULINIA","SP","4","0","1","0","0"
"PAULISTA","PE","3","0","2","0","0"
"PAULO AFONSO","BA","1","0","2","0","2"
"PAULO LOPES","SC","1","0","0","0","0"
"PAVERAMA","RS","0","1","0","0","0"
"PEABIRU","PR","0","2","0","0","0"
"PEDRA PRETA","MT","1","0","2","0","0"
"PEDREIRA","SP","0","1","0","0","0"
"PEDRO ALEXANDRE","BA","1","0","0","0","0"
"PEDRO CANARIO","ES","0","0","2","0","0"
"PEDRO LEOPOLDO","MG","0","1","1","0","0"
"PEDRO VELHO","RN","1","0","0","0","0"
"PEIXOTO DE AZEVEDO","MT","0","0","1","0","0"
"PELOTAS","RS","3","0","5","0","2"
"PENAPOLIS","SP","3","0","1","0","0"
"PENHA","SC","1","0","1","0","0"
"PENTECOSTE","CE","0","0","1","0","0"
"PERDIZES","MG","0","1","0","0","0"
"PERITORO","MA","0","0","1","0","0"
"PERUIBE","SP","2","0","0","0","0"
"PESCARIA BRAVA","SC","0","0","1","0","0"
"PESQUEIRA","PE","2","0","0","0","0"
"PETROLINA","PE","8","1","2","0","0"
"PETROPOLIS","RJ","1","2","3","0","0"
"PICOS","PI","1","0","0","0","0"
"PIEDADE DO RIO GRANDE","MG","0","0","0","0","1"
"PINDAMONHANGABA","SP","1","0","1","0","0"
"PINHAIS","PR","4","2","0","0","0"
"PINHEIRO","MA","1","0","1","0","0"
"PINHEIRO PRETO","SC","0","1","1","0","0"
"PINHEIROS","ES","0","0","1","0","0"
"PIRACAIA","SP","0","0","1","1","0"
"PIRACICABA","SP","5","0","7","0","0"
"PIRAJU","SP","0","0","1","0","0"
"PIRAPORA","MG","0","0","1","0","0"
"PIRAPORA DO BOM JESUS","SP","1","0","0","0","0"
"PIRAPOZINHO","SP","0","0","1","0","0"
"PIRAQUARA","PR","1","0","0","0","0"
"PIRASSUNUNGA","SP","3","0","0","0","0"
"PIRENOPOLIS","GO","0","0","1","0","0"
"PIRES DO RIO","GO","1","0","1","0","0"
"PIRIPIRI","PI","0","0","1","0","0"
"PLANALTINA","GO","0","0","2","0","0"
"POA","SP","1","1","2","0","1"
"POCOS DE CALDAS","MG","4","2","2","0","1"
"POMPEU","MG","0","0","1","0","0"
"PONGAI","SP","0","0","0","0","1"
"PONTA GROSSA","PR","5","0","4","1","1"
"PONTAL DO PARANA","PR","0","0","2","0","0"
"PONTALINA","GO","3","0","0","0","0"
"PONTA PORA","MS","0","0","2","0","0"
"PONTE ALTA","SC","0","0","1","0","0"
"PONTO NOVO","BA","1","0","0","0","0"
"PORTEIRINHA","MG","1","0","0","0","0"
"PORTEL","PA","0","1","0","0","0"
"PORTO ALEGRE","RS","32","7","55","0","3"
"PORTO ALEGRE DO NORTE","MT","1","0","0","0","0"
"PORTO BELO","SC","0","0","1","0","0"
"PORTO DOS GAUCHOS","MT","0","0","1","0","0"
"PORTO FELIZ","SP","1","0","0","0","0"
"PORTO FERREIRA","SP","1","5","0","0","0"
"PORTO FRANCO","MA","0","0","1","0","0"
"PORTO NACIONAL","TO","2","0","1","0","1"
"PORTO SEGURO","BA","0","0","2","0","0"
"PORTO VELHO","RO","5","1","4","0","2"
"POSSE","GO","2","0","0","0","0"
"POTIM","SP","0","0","1","0","0"
"POUSO ALEGRE","MG","4","1","0","0","1"
"PRAIA GRANDE","SP","4","0","4","0","0"
"PRESIDENTE FIGUEIREDO","AM","2","0","0","0","0"
"PRESIDENTE GETULIO","SC","0","1","0","0","0"
"PRESIDENTE PRUDENTE","SP","9","0","5","1","4"
"PRESIDENTE VENCESLAU","SP","0","0","2","0","0"
"PRIMAVERA DO LESTE","MT","3","0","0","0","0"
"PRINCESA ISABEL","PB","0","0","2","0","0"
"PROMISSAO","SP","1","0","0","0","0"
"QUATRO BARRAS","PR","1","0","3","0","0"
"QUEIMADAS","PB","0","0","1","0","0"
"QUEIMADOS","RJ","1","0","0","0","0"
"QUINTA DO SOL","PR","1","0","0","0","0"
"QUIRINOPOLIS","GO","0","0","1","0","0"
"QUITANDINHA","PR","0","0","1","0","0"
"QUIXADA","CE","0","0","1","0","0"
"RECIFE","PE","26","8","20","0","2"
"REDENCAO","PA","1","0","1","0","0"
"REGISTRO","SP","3","0","1","0","0"
"RERIUTABA","CE","0","0","0","0","1"
"RESENDE","RJ","2","0","0","0","0"
"RIACHAO DO JACUIPE","BA","0","1","2","0","0"
"RIACHINHO","MG","0","0","1","0","0"
"RIALMA","GO","0","0","1","0","0"
"RIBEIRA DO POMBAL","BA","1","1","0","0","0"
"RIBEIRAO","PE","1","0","0","0","0"
"RIBEIRAO DAS NEVES","MG","1","0","2","0","0"
"RIBEIRAO PIRES","SP","0","0","3","0","0"
"RIBEIRAO PRETO","SP","18","1","29","0","3"
"RIO AZUL","PR","0","1","0","0","0"
"RIO BONITO","RJ","1","1","0","0","1"
"RIO BRANCO","AC","9","0","7","0","0"
"RIO CLARO","RJ","0","0","1","0","0"
"RIO CLARO","SP","4","0","3","0","0"
"RIO DAS OSTRAS","RJ","4","0","1","0","0"
"RIO DE JANEIRO","RJ","61","10","158","0","10"
"RIO DO SUL","SC","1","0","0","0","0"
"RIO GRANDE","RS","3","0","2","0","0"
"RIO GRANDE DO PIAUI","PI","2","0","0","0","0"
"RIO NEGRINHO","SC","2","0","0","0","0"
"RIO QUENTE","GO","0","0","1","0","0"
"RIO VERDE","GO","6","2","2","0","1"
"RODEIO","SC","0","0","1","0","0"
"ROLANDIA","PR","0","1","0","0","0"
"ROLANTE","RS","0","2","0","0","0"
"ROLIM DE MOURA","RO","1","0","0","0","0"
"RONCADOR","PR","1","0","0","0","0"
"RONDON","PR","1","0","0","0","0"
"RONDONOPOLIS","MT","2","1","5","0","1"
"RORAINOPOLIS","RR","2","0","1","0","0"
"ROSANA","SP","1","0","0","0","0"
"ROSARIO","MA","2","0","1","0","0"
"ROSARIO DO SUL","RS","1","1","0","0","0"
"RUBIATABA","GO","0","0","1","0","0"
"SABAUDIA","PR","0","1","0","0","0"
"SACRAMENTO","MG","2","0","0","0","0"
"SALINOPOLIS","PA","1","0","0","0","0"
"SALITRE","CE","2","0","0","0","0"
"SALTO","SP","3","0","1","0","0"
"SALVADOR","BA","31","1","50","0","7"
"SANANDUVA","RS","1","0","0","0","0"
"SANTA BARBARA D OESTE","SP","1","1","5","0","1"
"SANTA CRUZ","RN","0","2","0","0","0"
"SANTA CRUZ DO CAPIBARIBE","PE","1","1","0","0","0"
"SANTA CRUZ DO SUL","RS","7","0","2","0","1"
"SANTA INES","MA","0","0","1","0","0"
"SANTA ISABEL","SP","3","0","0","0","0"
"SANTA ISABEL DO PARA","PA","2","0","0","0","0"
"SANTA LUCIA","PR","2","0","0","0","0"
"SANTA LUCIA","SP","1","0","0","0","1"
"SANTA LUZIA","MG","2","0","1","0","0"
"SANTA MARIA","RS","4","0","7","0","0"
"SANTA MARIA DE JETIBA","ES","0","0","1","0","0"
"SANTANA","AP","4","0","0","0","1"
"SANTANA DA VARGEM","MG","0","0","1","0","0"
"SANTANA DE PARNAIBA","SP","2","0","2","0","3"
"SANTANA DE PIRAPAMA","MG","1","0","0","0","0"
"SANT ANA DO LIVRAMENTO","RS","0","0","1","0","0"
"SANTA QUITERIA","CE","0","0","1","0","0"
"SANTAREM","PA","1","0","2","0","0"
"SANTA RITA","PB","1","2","0","0","0"
"SANTA RITA DO SAPUCAI","MG","2","0","0","0","0"
"SANTA ROSA","RS","2","0","1","0","0"
"SANTA ROSA DE VITERBO","SP","0","1","0","0","0"
"SANTIAGO","RS","1","0","1","0","0"
"SANTO AMARO","BA","3","0","0","0","0"
"SANTO AMARO DA IMPERATRIZ","SC","0","0","0","0","1"
"SANTO ANDRE","SP","23","0","16","0","2"
"SANTO ANGELO","RS","1","0","2","0","0"
"SANTO ANTONIO","RN","2","0","0","0","1"
"SANTO ANTONIO DA PATRULHA","RS","3","0","0","0","0"
"SANTO ANTONIO DA PLATINA","PR","0","0","1","0","0"
"SANTO ANTONIO DE JESUS","BA","3","0","1","0","0"
"SANTO ANTONIO DE POSSE","SP","0","0","1","0","0"
"SANTO ANTONIO DO DESCOBERTO","GO","1","0","0","0","0"
"SANTO ANTONIO DOS LOPES","MA","0","0","0","0","1"
"SANTO CRISTO","RS","0","0","1","0","0"
"SANTOS","SP","6","0","13","0","0"
"SANTOS DUMONT","MG","1","0","0","0","0"
"SAO BENTO DO SAPUCAI","SP","2","0","1","0","0"
"SAO BERNARDO DO CAMPO","SP","7","2","26","0","3"
"SAO BORJA","RS","1","0","0","0","0"
"SAO CAETANO DE ODIVELAS","PA","0","1","0","0","0"
"SAO CAETANO DO SUL","SP","9","0","9","0","1"
"SAO CARLOS","SP","6","0","6","0","1"
"SAO CRISTOVAO","SE","3","0","0","0","0"
"SAO DOMINGOS DO ARAGUAIA","PA","1","0","0","0","0"
"SAO FELIX DO CORIBE","BA","1","0","0","0","0"
"SAO FELIX DO XINGU","PA","1","0","3","0","0"
"SAO FRANCISCO DE GOIAS","GO","0","1","0","0","0"
"SAO FRANCISCO DE ITABAPOANA","RJ","2","0","0","0","0"
"SAO FRANCISCO DO CONDE","BA","0","0","1","0","0"
"SAO FRANCISCO DO SUL","SC","1","0","0","0","0"
"SAO GABRIEL DA CACHOEIRA","AM","1","0","1","0","0"
"SAO GABRIEL DA PALHA","ES","1","0","0","0","0"
"SAO GONCALO","RJ","5","5","2","0","1"
"SAO GONCALO DO AMARANTE","RN","1","0","0","0","1"
"SAO GONCALO DO PIAUI","PI","0","0","1","0","0"
"SAO GONCALO DO SAPUCAI","MG","1","0","0","0","0"
"SAO JOAO","PR","0","0","1","0","0"
"SAO JOAO DA BARRA","RJ","1","0","0","0","0"
"SAO JOAO DA BOA VISTA","SP","1","0","2","0","0"
"SAO JOAO DA MATA","MG","0","1","0","0","0"
"SAO JOAO DE MERITI","RJ","6","0","7","0","0"
"SAO JOAO DO ARAGUAIA","PA","0","0","0","2","0"
"SAO JOAO DO RIO DO PEIXE","PB","0","0","1","0","0"
"SAO JOAO DOS PATOS","MA","0","0","1","0","0"
"SAO JOAO NEPOMUCENO","MG","2","0","0","0","0"
"SAO JOAQUIM DA BARRA","SP","1","0","0","0","0"
"SAO JOSE","SC","5","2","3","0","1"
"SAO JOSE DA BARRA","MG","0","0","1","0","0"
"SAO JOSE DA BELA VISTA","SP","1","0","0","0","0"
"SAO JOSE DA COROA GRANDE","PE","1","0","0","0","0"
"SAO JOSE DE MIPIBU","RN","0","0","0","0","1"
"SAO JOSE DE PIRANHAS","PB","1","0","0","0","0"
"SAO JOSE DE RIBAMAR","MA","0","0","1","0","0"
"SAO JOSE DO EGITO","PE","1","1","2","0","0"
"SAO JOSE DO RIO CLARO","MT","2","0","0","0","0"
"SAO JOSE DO RIO PARDO","SP","0","0","1","0","0"
"SAO JOSE DO RIO PRETO","SP","9","4","31","0","1"
"SAO JOSE DOS AUSENTES","RS","0","0","1","0","0"
"SAO JOSE DOS CAMPOS","SP","15","2","21","0","2"
"SAO JOSE DOS PINHAIS","PR","13","0","6","0","1"
"SAO JOSE DOS QUATRO MARCOS","MT","1","0","0","0","0"
"SAO LEOPOLDO","RS","4","3","1","0","0"
"SAO LOURENCO","MG","1","0","0","0","0"
"SAO LOURENCO DA MATA","PE","3","0","0","0","0"
"SAO LOURENCO DO OESTE","SC","1","0","0","0","0"
"SAO LOURENCO DO SUL","RS","2","0","0","0","0"
"SAO LUIS","MA","16","1","23","0","3"
"SAO LUIS DO CURU","CE","1","0","0","0","0"
"SAO LUIZ DO PARAITINGA","SP","0","2","0","0","0"
"SAO LUIZ GONZAGA","RS","1","0","2","0","0"
"SAO MATEUS DO MARANHAO","MA","0","0","1","0","0"
"SAO MATEUS DO SUL","PR","0","0","1","0","0"
"SAO MIGUEL","RN","1","0","0","0","0"
"SAO MIGUEL DAS MISSOES","RS","0","0","2","0","0"
"SAO MIGUEL DO GUAMA","PA","3","0","0","0","0"
"SAO MIGUEL DO OESTE","SC","0","0","1","0","0"
"SAO MIGUEL DOS CAMPOS","AL","0","1","0","0","0"
"SAO PAULO","SP","275","40","440","0","31"
"SAO PAULO DE OLIVENCA","AM","2","0","0","0","0"
"SAO PEDRO","SP","1","1","2","0","0"
"SAO PEDRO DA ALDEIA","RJ","4","0","1","0","0"
"SAO PEDRO DO IVAI","PR","1","0","1","0","0"
"SAO SEBASTIAO","SP","0","0","1","0","0"
"SAO SEBASTIAO DA GRAMA","SP","0","0","0","1","0"
"SAO SEBASTIAO DO PARAISO","MG","1","0","0","0","0"
"SAO SEBASTIAO DO RIO VERDE","MG","0","1","0","0","0"
"SAO TOMAS DE AQUINO","MG","0","2","0","0","0"
"SAO VICENTE","SP","2","0","2","0","0"
"SAO VICENTE DE MINAS","MG","0","0","0","1","0"
"SAPIRANGA","RS","0","2","2","0","0"
"SAPUCAIA DO SUL","RS","2","0","0","0","0"
"SAQUAREMA","RJ","1","0","1","0","0"
"SARANDI","PR","0","1","1","0","0"
"SATUBA","AL","1","0","0","0","0"
"SEARA","SC","0","0","1","0","0"
"SENADOR CANEDO","GO","4","0","0","0","1"
"SENHOR DO BONFIM","BA","0","1","0","0","0"
"SENTO SE","BA","0","0","0","0","1"
"SEROPEDICA","RJ","1","0","2","0","0"
"SERRA","ES","2","4","3","0","0"
"SERRA AZUL","SP","1","0","0","0","0"
"SERRA DO NAVIO","AP","1","0","0","0","0"
"SERRA NEGRA","SP","2","0","1","0","0"
"SERRA PRETA","BA","0","0","1","0","0"
"SERRA REDONDA","PB","0","1","0","0","0"
"SERRA TALHADA","PE","2","0","0","0","0"
"SERROLANDIA","BA","0","1","0","0","0"
"SERTAOZINHO","SP","4","0","2","0","0"
"SETE LAGOAS","MG","1","0","3","0","0"
"SEVERINIA","SP","0","0","1","0","0"
"SILVANIA","GO","1","0","1","0","0"
"SILVES","AM","2","0","0","0","0"
"SIMOES FILHO","BA","1","1","2","0","0"
"SINOP","MT","8","1","8","1","1"
"SOBRAL","CE","1","0","0","0","0"
"SOMBRIO","SC","3","1","0","0","0"
"SONORA","MS","1","0","0","0","0"
"SOORETAMA","ES","1","0","0","0","0"
"SOROCABA","SP","13","5","18","0","2"
"SORRISO","MT","3","0","1","0","0"
"SOURE","PA","1","0","0","0","0"
"SUMARE","SP","6","1","4","0","1"
"SUME","PB","1","0","0","0","0"
"SUZANO","SP","4","1","4","0","0"
"TABAPUA","SP","0","0","1","0","0"
"TABATINGA","SP","1","0","0","0","0"
"TABIRA","PE","1","0","0","0","0"
"TABOAO DA SERRA","SP","4","0","9","0","2"
"TACURU","MS","1","0","0","0","0"
"TAILANDIA","PA","7","0","2","0","0"
"TAIPU","RN","1","0","0","0","0"
"TAMANDARE","PE","0","0","2","0","0"
"TAMBAU","SP","0","0","2","0","0"
"TANGARA DA SERRA","MT","0","0","2","0","0"
"TANGUA","RJ","0","0","1","0","0"
"TAPEROA","PB","2","0","0","0","0"
"TAPES","RS","1","0","0","0","0"
"TAQUARITINGA","SP","1","0","0","0","0"
"TARAUACA","AC","1","0","0","0","0"
"TASSO FRAGOSO","MA","0","0","0","0","1"
"TATUI","SP","5","1","2","0","2"
"TAUA","CE","0","0","1","0","0"
"TAUBATE","SP","2","0","4","0","0"
"TEIXEIRA DE FREITAS","BA","2","1","2","0","0"
"TEIXEIRA SOARES","PR","0","1","0","0","0"
"TELEMACO BORBA","PR","2","0","2","0","0"
"TEOFILO OTONI","MG","4","0","2","0","0"
"TEOTONIO VILELA","AL","1","0","0","0","0"
"TERESINA","PI","8","1","14","0","0"
"TERESINA DE GOIAS","GO","0","1","0","0","0"
"TERESOPOLIS","RJ","5","1","3","0","0"
"TERRA DE AREIA","RS","2","0","0","0","0"
"TEUTONIA","RS","0","1","0","0","0"
"TIANGUA","CE","0","0","1","0","1"
"TIBAU","RN","0","0","0","0","1"
"TIBAU DO SUL","RN","0","0","2","0","0"
"TIETE","SP","1","0","1","0","0"
"TIMBO","SC","0","2","0","0","0"
"TIMBO GRANDE","SC","1","0","0","0","0"
"TIMON","MA","1","0","1","0","0"
"TOBIAS BARRETO","SE","1","0","0","0","0"
"TOLEDO","PR","1","1","0","0","0"
"TOMAZINA","PR","0","1","0","0","0"
"TOME ACU","PA","1","0","0","0","0"
"TORITAMA","PE","0","2","0","0","0"
"TORRES","RS","2","0","0","0","0"
"TRAIRI","CE","2","0","0","2","0"
"TRAMANDAI","RS","3","0","2","0","0"
"TRES BARRAS","SC","1","0","0","0","0"
"TRES CORACOES","MG","2","0","0","0","0"
"TRES COROAS","RS","1","0","0","0","0"
"TRES LAGOAS","MS","3","0","0","0","1"
"TRES RANCHOS","GO","1","0","0","0","0"
"TRINDADE","GO","1","2","2","0","0"
"TRIUNFO","PE","0","0","1","0","0"
"TRIUNFO","RS","0","0","0","0","1"
"TROMBUDO CENTRAL","SC","0","1","0","0","0"
"TUBARAO","SC","1","2","1","0","1"
"TUCUMA","PA","2","0","0","0","0"
"TUCURUI","PA","1","0","0","0","0"
"TUPARENDI","RS","0","0","1","0","0"
"TUPI PAULISTA","SP","0","0","1","0","0"
"TURVANIA","GO","0","0","1","0","0"
"UBA","MG","1","0","0","0","0"
"UBAITABA","BA","0","0","0","0","2"
"UBATUBA","SP","1","0","2","0","0"
"UBERABA","MG","6","3","7","0","2"
"UBERLANDIA","MG","17","7","23","0","0"
"UIBAI","BA","0","0","0","0","1"
"UNAI","MG","3","0","0","0","0"
"UNIAO","PI","1","0","0","0","0"
"UNIAO DA VITORIA","PR","0","0","1","0","0"
"UNIAO DOS PALMARES","AL","1","0","0","0","0"
"UPANEMA","RN","0","0","3","0","0"
"URANDI","BA","0","0","1","0","0"
"URANIA","SP","0","0","2","0","0"
"URUARA","PA","1","0","0","0","0"
"URUBURETAMA","CE","2","0","0","0","0"
"URUCUCA","BA","1","0","1","0","0"
"URUGUAIANA","RS","1","0","0","0","0"
"URUPES","SP","1","0","1","0","0"
"URUSSANGA","SC","1","0","2","0","0"
"VACARIA","RS","1","0","0","0","0"
"VALENCA","BA","1","0","3","0","1"
"VALENCA","RJ","0","1","0","0","0"
"VALENCA DO PIAUI","PI","1","0","0","0","0"
"VALINHOS","SP","6","3","9","0","0"
"VALPARAISO DE GOIAS","GO","3","0","6","0","2"
"VARGEM","SP","0","0","2","0","0"
"VARGEM BONITA","SC","1","0","0","0","0"
"VARGEM GRANDE DO SUL","SP","0","0","1","0","0"
"VARGEM GRANDE PAULISTA","SP","1","0","0","0","0"
"VARGINHA","MG","6","0","2","0","0"
"VARJOTA","CE","2","0","0","0","0"
"VARZEA","RN","0","0","1","0","0"
"VARZEA DA ROCA","BA","0","0","1","0","0"
"VARZEA GRANDE","MT","7","2","1","0","0"
"VARZEA NOVA","BA","0","0","2","0","0"
"VASSOURAS","RJ","0","0","1","0","0"
"VENANCIO AIRES","RS","4","0","0","0","1"
"VERA CRUZ","SP","0","0","1","0","0"
"VIAMAO","RS","0","0","0","0","1"
"VICOSA","AL","0","0","0","0","1"
"VICOSA","MG","0","0","1","0","0"
"VILA VALERIO","ES","0","1","0","0","0"
"VILA VELHA","ES","4","0","16","0","0"
"VILHENA","RO","1","0","1","0","0"
"VINHEDO","SP","0","0","1","0","0"
"VITORIA","ES","10","0","12","0","1"
"VITORIA DA CONQUISTA","BA","10","2","4","0","0"
"VITORIA DO JARI","AP","0","0","0","0","1"
"VITORIA DO MEARIM","MA","2","0","0","0","0"
"VOLTA REDONDA","RJ","2","0","4","0","0"
"VOTORANTIM","SP","1","1","1","0","1"
"VOTUPORANGA","SP","0","0","1","0","0"
"WALL FERRAZ","PI","3","0","0","0","0"
"WENCESLAU GUIMARAES","BA","0","0","0","0","1"
"XANXERE","SC","0","0","1","0","0"
"XINGUARA","PA","0","0","0","0","1"
NULL,NULL,"2","0","1","0","0"
